id,first_name,last_name,email,gender,title,account_number,routing_number
1,Layne,Seelbach,lseelbach0@spiegel.de,Female,Human Resources Assistant I,9554625308,008463464
2,Rycca,Tidcombe,rtidcombe1@hexun.com,Female,Graphic Designer,4984164298,279854384
3,Pollyanna,Geake,pgeake2@miitbeian.gov.cn,Female,Developer IV,4804486739,691902314
4,Theodoric,Curd,tcurd3@constantcontact.com,Male,Financial Analyst,8092292930,909980308
5,Kareem,Grunnell,kgrunnell4@simplemachines.org,Male,Physical Therapy Assistant,9785436594,206426266
6,Julianna,Colwell,jcolwell5@tumblr.com,Female,Software Engineer IV,1960052209,644443247
7,Gram,Backler,gbackler6@smugmug.com,Male,Geologist IV,5862960341,676941952
8,Crosby,Knotte,cknotte7@bing.com,Male,Account Coordinator,2321397748,518442460
9,Nolie,Neiland,nneiland8@friendfeed.com,Female,Civil Engineer,5078545980,875905668
10,Huberto,Brounfield,hbrounfield9@cbsnews.com,Male,Account Coordinator,3749930686,835985490
11,Stefan,Kubala,skubalaa@blogtalkradio.com,Agender,Automation Specialist III,1973117320,341833716
12,Kala,Juggings,kjuggingsb@huffingtonpost.com,Female,Administrative Assistant III,7702173858,989352058
13,Marianna,Levings,mlevingsc@geocities.com,Female,Developer I,1578737885,223964075
14,Granthem,Ibbetson,gibbetsond@sogou.com,Male,Financial Advisor,0085015342,304018880
15,Zsazsa,Denisovich,zdenisoviche@merriamwebster.com,Nonbinary,Research Nurse,5987723019,033473693
16,Carolus,Parmiter,cparmiterf@state.tx.us,Male,Social Worker,0515074780,951231607
17,Tamma,Bendelow,tbendelowg@macromedia.com,Female,Engineer II,3367087912,304960041
18,Barret,Oxbie,boxbieh@amazon.de,Male,Operator,4554272869,797041315
19,Kat,Parris,kparrisi@goo.gl,Female,Software Consultant,8315993224,772219329
20,Haroun,Heatherington,hheatheringtonj@google.com.br,Male,Electrical Engineer,1805449451,171806869
21,Felecia,Kyme,fkymek@sciencedirect.com,Female,Nuclear Power Engineer,2218419246,249065515
22,Bellanca,Sawford,bsawfordl@scientificamerican.com,Female,Pharmacist,8376555251,848911436
23,Malynda,Ducket,mducketm@ed.gov,Polygender,Chemical Engineer,1789749069,780770597
24,Garreth,McKibbin,gmckibbinn@google.de,Agender,Nuclear Power Engineer,9923444821,605418162
25,Marsiella,Bradder,mbraddero@pinterest.com,Female,Actuary,5982347116,461166522
26,Valentina,Allmark,vallmarkp@google.it,Female,Geological Engineer,2118791275,273192485
27,Kermie,O'Dennehy,kodennehyq@bing.com,Male,Chief Design Engineer,6799674112,176139925
28,Jessey,Gough,jgoughr@cocolognifty.com,Male,Recruiting Manager,6712746868,123971222
29,Alaine,Chattell,achattells@technorati.com,Female,Administrative Assistant I,1813820023,191376899
30,Roxy,Farncomb,rfarncombt@liveinternet.ru,Female,Pharmacist,1271864983,249571200
31,Nissy,Ferrarone,nferraroneu@netlog.com,Female,Health Coach III,6861428566,732498090
32,Adrienne,Kleinerman,akleinermanv@bbc.co.uk,Female,Pharmacist,2052554149,574912370
33,Tiebold,Kryska,tkryskaw@infoseek.co.jp,Male,VP Marketing,4653890099,003232482
34,Violet,Hansod,vhansodx@washington.edu,Female,Pharmacist,5103127091,317073544
35,Darn,Gaskell,dgaskelly@slate.com,Male,Assistant Manager,7762827625,712121842
36,Cynthea,Esh,ceshz@xrea.com,Female,Software Test Engineer I,3443837891,748694249
37,Sibby,Scorton,sscorton10@merriamwebster.com,Genderfluid,Assistant Manager,9114959771,769327325
38,Edvard,Ryde,eryde11@amazon.co.jp,Male,Structural Engineer,6299119632,973069885
39,Lydia,Brockwell,lbrockwell12@google.com.br,Female,Assistant Media Planner,7210682015,647703816
40,Pooh,Belison,pbelison13@wsj.com,Bigender,Actuary,4172603793,249987148
41,Natalya,Beswell,nbeswell14@japanpost.jp,Female,Recruiter,0005399947,358494941
42,Alard,Gerant,agerant15@youku.com,Male,Administrative Officer,1085514013,344985392
43,Reilly,Pruce,rpruce16@samsung.com,Male,Structural Engineer,1601916833,176109505
44,Terrijo,O'Brallaghan,tobrallaghan17@nih.gov,Female,Project Manager,9534435570,472235959
45,Reggy,Averall,raverall18@cnet.com,Male,Tax Accountant,7901647302,263121554
46,Tarah,Hairon,thairon19@csmonitor.com,Female,Data Coordiator,9894178650,991656039
47,Myrtie,Gilbertson,mgilbertson1a@cargocollective.com,Female,Health Coach IV,3334334708,398147700
48,Ronni,Sein,rsein1b@aboutads.info,Female,Sales Associate,7197789958,235490557
49,Fidelia,Britian,fbritian1c@princeton.edu,Female,Research Associate,2549528468,721153201
50,Neall,Polding,npolding1d@dedecms.com,Male,Sales Representative,0537620664,929165237
51,Leontyne,Lorek,llorek1e@tinypic.com,Female,Tax Accountant,3323153685,225759395
52,Madelle,Regler,mregler1f@ning.com,Female,Account Representative III,8944516766,682004357
53,Aaron,Jorck,ajorck1g@cafepress.com,Male,Environmental Specialist,5232732781,072185393
54,Layton,Tutchener,ltutchener1h@altervista.org,Male,Human Resources Manager,5614555943,698410329
55,Karlotte,de Quincey,kdequincey1i@weebly.com,Female,Recruiting Manager,1510468234,214087596
56,Ronnica,Tiebe,rtiebe1j@google.it,Female,Safety Technician II,1234953161,499986646
57,Thatch,Riccardo,triccardo1k@studiopress.com,Male,Accountant II,7338136610,488606417
58,Timothy,Shirlaw,tshirlaw1l@umn.edu,Male,General Manager,0579451801,703920887
59,Martelle,Bills,mbills1m@sonet.ne.jp,Female,VP Accounting,0838359396,165174000
60,Nichole,Aldie,naldie1n@xinhuanet.com,Male,Information Systems Manager,1936548763,191632064
61,Verna,Matejovsky,vmatejovsky1o@mayoclinic.com,Female,Budget/Accounting Analyst I,3052240137,662843069
62,Martino,Blazej,mblazej1p@usa.gov,Male,Account Coordinator,0360550363,488420383
63,Edita,Balham,ebalham1q@godaddy.com,Female,Engineer III,8842474940,418548763
64,Glenn,Paladino,gpaladino1r@timesonline.co.uk,Female,Nurse Practicioner,4856289438,525661050
65,Lilli,Chastanet,lchastanet1s@shinystat.com,Female,Community Outreach Specialist,8891970581,896387480
66,Micky,Mould,mmould1t@phoca.cz,Female,Librarian,6731717088,793486722
67,Loydie,Rushmer,lrushmer1u@acquirethisname.com,Male,Dental Hygienist,0414203429,135852762
68,Rik,Kinchley,rkinchley1v@auda.org.au,Genderqueer,Account Coordinator,6185157799,177885581
69,Basilio,Rowbotham,browbotham1w@people.com.cn,Male,Project Manager,0779789903,967306418
70,Cosetta,Swafford,cswafford1x@xinhuanet.com,Female,Developer II,6021154797,552976870
71,Cherie,Sandeson,csandeson1y@gravatar.com,Female,Programmer Analyst III,1060306751,505976491
72,Shawnee,Ovid,sovid1z@flavors.me,Female,Chief Design Engineer,9036613213,550472577
73,Jonas,Lory,jlory20@wix.com,Male,Research Assistant I,1571413731,445715227
74,Korie,Duffell,kduffell21@cloudflare.com,Female,Analyst Programmer,8669288427,154395346
75,Glenine,Brymham,gbrymham22@narod.ru,Female,Software Consultant,2339548810,444286293
76,Ester,Diver,ediver23@cdbaby.com,Female,Safety Technician II,4910059555,409448180
77,Foster,Manuaud,fmanuaud24@utexas.edu,Male,Structural Engineer,5450344694,178691314
78,Barbette,Kingsnod,bkingsnod25@ucsd.edu,Female,Librarian,8061408031,236123088
79,Wilbur,Beels,wbeels26@rambler.ru,Male,Developer IV,5337368737,741846109
80,Osborn,Croutear,ocroutear27@scientificamerican.com,Male,Teacher,5169803664,431387252
81,Evvie,Notman,enotman28@youtu.be,Female,Environmental Tech,0474014711,987477409
82,Jodi,Gawkes,jgawkes29@msn.com,Female,Geological Engineer,7485345303,548591465
83,Errol,Ertelt,eertelt2a@amazon.co.jp,Male,Editor,0110871669,186612829
84,Pepe,Walby,pwalby2b@nydailynews.com,Male,Quality Engineer,5859677081,309854062
85,Morgen,Waskett,mwaskett2c@yale.edu,Female,Editor,1856019713,026824544
86,Lory,Shenton,lshenton2d@free.fr,Genderfluid,Operator,6576920601,955536684
87,Jacquette,Heller,jheller2e@google.cn,Polygender,Programmer Analyst II,1261071344,930222701
88,Markus,Yglesias,myglesias2f@shoppro.jp,Male,Business Systems Development Analyst,4159466036,587024489
89,Griz,Porter,gporter2g@va.gov,Male,Geological Engineer,1955212635,062586226
90,Gaspar,Gronous,ggronous2h@who.int,Male,Office Assistant III,7789843958,313094693
91,Lucina,Sowersby,lsowersby2i@dedecms.com,Female,Actuary,9626267925,001227780
92,Christoper,Capponer,ccapponer2j@cloudflare.com,Polygender,Teacher,2966380500,722477187
93,Tobin,Row,trow2k@bing.com,Male,Recruiting Manager,7814922224,392080826
94,Heda,Randerson,hranderson2l@google.nl,Female,Account Coordinator,1271241331,234232409
95,Val,Claisse,vclaisse2m@ucsd.edu,Male,Developer III,9485146701,240047468
96,Tessie,Poskitt,tposkitt2n@webs.com,Female,Recruiter,3390966412,586854375
97,Morgan,Kikke,mkikke2o@privacy.gov.au,Male,Assistant Professor,8749418580,670625550
98,Joachim,Goldring,jgoldring2p@nih.gov,Male,Programmer III,2110223987,847451670
99,Angeli,Pigdon,apigdon2q@simplemachines.org,Male,Geological Engineer,4073417398,782551540
100,Park,Tunney,ptunney2r@ox.ac.uk,Male,Graphic Designer,7262022504,263596655
101,Elias,Cassy,ecassy2s@google.it,Male,Geological Engineer,6261959528,669077025
102,Tadd,Drewry,tdrewry2t@yahoo.com,Male,Actuary,0116428295,206358045
